layer,sites,test_events,test_points,dynamic_mae_mm_step,ccc,r2,pearson_r,rmse_mm,mae_mm,bias_mm,nrmse_pct_range,layer_label
moisture_12in,2,21,434,0.09501215389578357,0.9718102688046504,0.9450568300961384,0.9723996951220558,0.6150003711644514,0.47965121345569467,-0.058784550644358294,4.846399727376005,12 in
moisture_16in,2,16,236,0.10976311723706104,0.9584147978413216,0.9271589138967385,0.9683457118557802,1.71681357513912,0.9137459290330778,0.09599723489756001,6.307256693982907,16 in
moisture_20in,1,11,150,0.06780192153860702,0.9106040129272006,0.8490704268936435,0.9333639273069805,0.5429300358310686,0.3663980135065955,0.1400649621904745,8.966106653131583,20 in
moisture_4in,29,688,11979,0.0551445892696327,0.9918989298178298,0.9837140550007285,0.9919354262249207,0.849663112233997,0.46250062071025,-0.04593207973522008,2.846144337819464,4 in
moisture_8in,8,65,1724,0.08994203621831756,0.9924577725856951,0.9848943022766549,0.9924855426729899,0.8865009876286908,0.5631745176938184,-0.05306957149449657,3.342682228687213,8 in
