layer,local_models,median_train_events,median_test_events,total_test_points,median_ccc,median_r2,median_rmse_mm,median_mae_mm,median_bias_mm,median_nrmse_pct_range,layer_label
moisture_12in,6,17.0,5.0,434,0.9518393063052348,0.9206532725083819,0.6233474816031024,0.4972545715712041,-0.06006396604236747,8.271574011527738,12 in
moisture_16in,5,10.0,3.0,236,0.9112733971348487,0.8670757146526711,0.8837091112700733,0.5361448302296352,-0.08905279822448053,14.836339699018772,16 in
moisture_20in,2,24.0,7.0,150,0.8977171435337818,0.8546504490156823,0.42024281563248667,0.3361975048355342,0.12666333249734815,9.51865624853844,20 in
moisture_4in,85,35.0,9.0,11979,0.9819162763031535,0.9656607809586331,0.442039944382875,0.3330358540433739,0.022934258151071966,5.006186304393372,4 in
moisture_8in,24,14.0,4.0,1724,0.9146740906242978,0.8554769704694705,0.617935233190456,0.48159004941818173,-0.0798523563089982,12.812262685642953,8 in
